01/01/2020,Feliz 2020,476823,00:03,04:33
01/01/2020,#2020NewYear,249312,00:03,00:33
01/01/2020,#CNNNYE,37969,00:03,05:03
01/01/2020,#BTSatTimeSquare,420979,00:03,00:03
01/01/2020,#Dispatch,1132884,00:03,04:03
01/01/2020,#ProtectTwice,82446,00:03,01:33
01/01/2020,初日の出,213760,00:03,01:33
01/01/2020,初音神籤,14279,00:03,04:33
01/01/2020,Craig David,10572,00:03,00:33
01/01/2020,ミクさん,12509,00:03,00:03
01/01/2020,#BTSxRockinEve,1464485,00:33,07:33
01/01/2020,#ツイッターおみくじ2020,47143,00:33,10:03
01/01/2020,謹賀新年,1527728,00:33,00:33
01/01/2020,Happy New Years,542762,01:03,08:33
01/01/2020,Paula Abdul,-,01:03,01:03
01/01/2020,Comecei 2020,20614,01:33,13:33
01/01/2020,Post Malone,97042,02:08,04:03
01/01/2020,#Banjir,51970,02:08,02:33
01/01/2020,Anderson Cooper,-,02:08,02:08
01/01/2020,#天皇杯決勝,15821,03:08,04:33
01/01/2020,YeniYıl TvitarrtirAçıldı,-,03:08,03:33
01/01/2020,#ななにー,80551,04:33,06:08
01/01/2020,イニエスタ,14460,04:33,05:03
01/01/2020,Feliz Año Nuevo,587389,05:03,06:08
01/01/2020,#天皇杯,34680,05:03,05:33
01/01/2020,ビジャ,24203,05:03,06:33
01/01/2020,EnUygunFiyatta TTVerilir,-,05:03,05:03
01/01/2020,#ホロライブ正月衣装,53050,05:33,07:03
01/01/2020,enuygunfiyatta ttverilir,-,05:33,06:33
01/01/2020,格付け,313543,05:33,14:03
01/01/2020,#格付けチェック,299620,06:08,11:03
01/01/2020,GACKT様,116678,06:08,10:33
01/01/2020,ヴィッセル神戸,28485,06:08,06:33
01/01/2020,#ななにーお年玉,-,06:33,07:33
01/01/2020,ThankYou SEJUN,48111,06:33,06:33
01/01/2020,キリショー,40783,07:03,11:03
01/01/2020,社交ダンス,-,07:03,07:33
01/01/2020,吹奏楽,11295,07:03,07:03
01/01/2020,鬼龍院,330687,07:33,10:33
01/01/2020,#ウルトラマンDASH,17287,07:33,09:33
01/01/2020,#吾郎剛慎吾を独り占め,10389,08:03,09:03
01/01/2020,#埼玉政財界人チャリティ歌謡祭,47928,08:03,09:33
01/01/2020,吉岡里帆,20740,08:03,09:03
01/01/2020,Bの方,-,08:03,08:03
01/01/2020,四重奏,-,08:33,09:33
01/01/2020,Aの方,20280,08:33,08:33
01/01/2020,Ali Babacan,-,09:03,10:33
01/01/2020,お前のもの,14165,09:03,09:03
01/01/2020,#1Ocak2020,-,09:33,09:33
01/01/2020,アッコさん,-,09:33,10:03
01/01/2020,#اردوغان_يدعشن_ليبيا,-,10:03,10:33
01/01/2020,#山田涼介は最高のアイドルだよ,38111,10:03,13:03
01/01/2020,#BHACHE,35289,10:03,13:33
01/01/2020,Reece James,-,10:03,11:03
01/01/2020,#BURAVL,-,10:33,10:33
01/01/2020,Jack Grealish,-,10:33,10:33
01/01/2020,#새해_기념_프로필_갱신,12303,11:03,14:03
01/01/2020,Grealish,24684,11:03,14:03
01/01/2020,#きのう何食べた,50904,11:03,12:03
01/01/2020,진중권,32001,11:03,12:03
01/01/2020,ナイロンDJ,-,11:03,11:03
01/01/2020,#バーチャル紅白,133924,11:33,14:33
01/01/2020,Kepa,-,11:33,12:03
01/01/2020,Jahanbakhsh,16912,11:33,12:33
01/01/2020,大野丸,-,11:33,11:33
01/01/2020,JaDine,22227,12:03,14:33
01/01/2020,Danny Ings,11843,12:33,16:03
01/01/2020,#SOUTOT,13024,12:33,15:33
01/01/2020,一流ツイッタラー,-,12:33,14:33
01/01/2020,#ForJisooWithLove,114383,13:03,14:33
01/01/2020,Pope,156683,13:03,17:34
01/01/2020,#NewYearsDay,65292,14:03,18:04
01/01/2020,#الاتحاد_الفتح,43986,14:33,16:33
01/01/2020,Heechul,798594,14:33,23:34
01/01/2020,حمدان الشمراني,-,14:33,15:08
01/01/2020,#RoseParade,-,15:08,15:08
01/01/2020,#MCIEVE,17778,15:08,16:33
01/01/2020,Cillian Murphy,-,15:08,15:08
01/01/2020,#CitrusBowl,-,15:33,18:04
01/01/2020,Jerry Jeudy,-,15:33,17:04
01/01/2020,Don Brown,-,15:33,15:33
01/01/2020,The Proud Family,12481,15:33,16:33
01/01/2020,#IWokeUpOnJanuary1stAnd,-,16:03,16:03
01/01/2020,Gabriel Jesus,-,16:03,17:04
01/01/2020,Corey Perry,-,16:33,16:33
01/01/2020,#ARSMUN,211436,16:33,23:34
01/01/2020,jerry jeudy,-,16:33,16:33
01/01/2020,#DoctorWho,41682,17:04,19:04
01/01/2020,#WinterClassic2020,-,17:04,17:34
01/01/2020,Tivitartir Açıldı,-,17:04,17:34
01/01/2020,Tyler Johnson,-,17:04,18:04
01/01/2020,Luke Shaw,16323,17:34,19:04
01/01/2020,Kolasinac,-,17:34,17:34
01/01/2020,Lingard,76409,18:04,22:34
01/01/2020,Shaw,56397,18:04,21:34
01/01/2020,Maguire,43161,18:04,20:34
01/01/2020,#jamescharlesisoverparty,49658,18:04,23:04
01/01/2020,Matic,17963,18:04,18:04
01/01/2020,David Stern,192510,18:34,23:04
01/01/2020,Peter Wright,16126,18:34,20:04
01/01/2020,Auburn,37011,18:34,22:04
01/01/2020,#OutbackBowl,-,18:34,18:34
01/01/2020,#WinterClassic,33913,18:34,18:34
01/01/2020,#COYG,20082,19:04,20:04
01/01/2020,#OleOut,-,19:04,19:04
01/01/2020,#Dracula,16691,19:34,22:04
01/01/2020,#RoseBowl,36068,19:34,23:34
01/01/2020,#箱根駅伝,97397,20:34,23:34
01/01/2020,ヒチョル,22257,22:04,22:34
01/01/2020,#AEWDynamite,23448,22:34,23:34
01/01/2020,Justin Herbert,-,22:34,23:34
01/01/2020,Wisconsin,51458,23:04,23:34
01/01/2020,Oregon,48398,23:04,23:34
01/01/2020,#SugarBowl,-,23:34,23:34
01/01/2020,ヴィンセント,12829,23:34,23:34
